{"cameraMode":{"drawMode":0,"name":"Shaded","section":"Shading Mode"},"sceneLighting":true,"audioPlay":false,"sceneViewState":{"m_AlwaysRefresh":false,"showFog":true,"showSkybox":true,"showFlares":true,"showImageEffects":true,"showParticleSystems":true,"showVisualEffectGraphs":true,"m_FxEnabled":false},"in2DMode":false,"pivot":{"x":20.345096588134767,"y":13.488767623901368,"z":64.66846466064453},"rotation":{"x":0.06297414004802704,"y":-0.7294732332229614,"z":0.06849928200244904,"w":0.6805816888809204},"size":20.52306365966797,"orthographic":false}