{"cameraMode":{"drawMode":0,"name":"Shaded","section":"Shading Mode"},"sceneLighting":true,"audioPlay":false,"sceneViewState":{"m_AlwaysRefresh":false,"showFog":true,"showSkybox":true,"showFlares":true,"showImageEffects":true,"showParticleSystems":true,"showVisualEffectGraphs":true,"m_FxEnabled":false},"in2DMode":false,"pivot":{"x":-4.369999885559082,"y":2.9200000762939455,"z":16.139999389648439},"rotation":{"x":-0.026635991409420968,"y":0.9727935194969177,"z":-0.14317412674427033,"w":-0.18208083510398866},"size":2.5883474349975588,"orthographic":false}