{"cameraMode":{"drawMode":0,"name":"Shaded","section":"Shading Mode"},"sceneLighting":true,"audioPlay":false,"sceneViewState":{"m_AlwaysRefresh":false,"showFog":true,"showSkybox":true,"showFlares":true,"showImageEffects":true,"showParticleSystems":true,"showVisualEffectGraphs":true,"m_FxEnabled":false},"in2DMode":false,"pivot":{"x":-2.9002740383148195,"y":6.031404972076416,"z":167.22862243652345},"rotation":{"x":-0.02479797974228859,"y":0.34969261288642886,"z":-0.009951128624379635,"w":-0.9371364712715149},"size":6.477278709411621,"orthographic":false}