{"cameraMode":{"drawMode":0,"name":"Shaded","section":"Shading Mode"},"sceneLighting":true,"audioPlay":false,"sceneViewState":{"m_AlwaysRefresh":false,"showFog":true,"showSkybox":true,"showFlares":true,"showImageEffects":true,"showParticleSystems":true,"showVisualEffectGraphs":true,"m_FxEnabled":false},"in2DMode":false,"pivot":{"x":-2.760000228881836,"y":3.5799999237060549,"z":153.97999572753907},"rotation":{"x":-0.052866898477077487,"y":-0.5853696465492249,"z":0.03794659301638603,"w":-0.8085499405860901},"size":12.383406639099121,"orthographic":false}