{"cameraMode":{"drawMode":0,"name":"Shaded","section":"Shading Mode"},"sceneLighting":true,"audioPlay":false,"sceneViewState":{"m_AlwaysRefresh":false,"showFog":true,"showSkybox":true,"showFlares":true,"showImageEffects":true,"showParticleSystems":true,"showVisualEffectGraphs":true,"m_FxEnabled":false},"in2DMode":false,"pivot":{"x":-1.5124887228012086,"y":34.52854919433594,"z":282.0219421386719},"rotation":{"x":0.08279775828123093,"y":0.12070397287607193,"z":-0.009625946171581746,"w":0.9898046255111694},"size":7.421875476837158,"orthographic":false}