{"cameraMode":{"drawMode":0,"name":"Shaded","section":"Shading Mode"},"sceneLighting":true,"audioPlay":false,"sceneViewState":{"m_AlwaysRefresh":false,"showFog":true,"showSkybox":true,"showFlares":true,"showImageEffects":true,"showParticleSystems":true,"showVisualEffectGraphs":true,"m_FxEnabled":false},"in2DMode":false,"pivot":{"x":40.19142150878906,"y":-6.3100762367248539,"z":137.6294708251953},"rotation":{"x":-0.03592823073267937,"y":-0.9573476314544678,"z":0.07751711457967758,"w":-0.29422804713249209},"size":47.171669006347659,"orthographic":false}