{"cameraMode":{"drawMode":0,"name":"Shaded","section":"Shading Mode"},"sceneLighting":true,"audioPlay":false,"sceneViewState":{"m_AlwaysRefresh":false,"showFog":true,"showSkybox":true,"showFlares":true,"showImageEffects":true,"showParticleSystems":true,"showVisualEffectGraphs":true,"m_FxEnabled":false},"in2DMode":false,"pivot":{"x":460.9740905761719,"y":291.2474060058594,"z":-22.235538482666017},"rotation":{"x":0.0011978133115917445,"y":-0.0025457642041146757,"z":-0.0013106797123327852,"w":-1.0005719661712647},"size":203.44325256347657,"orthographic":false}