{"cameraMode":{"drawMode":0,"name":"Shaded","section":"Shading Mode"},"sceneLighting":true,"audioPlay":false,"sceneViewState":{"m_AlwaysRefresh":false,"showFog":true,"showSkybox":true,"showFlares":true,"showImageEffects":true,"showParticleSystems":true,"showVisualEffectGraphs":true,"m_FxEnabled":false},"in2DMode":false,"pivot":{"x":40.54705047607422,"y":23.645105361938478,"z":101.47779846191406},"rotation":{"x":-0.18553674221038819,"y":0.6798549890518189,"z":-0.18443633615970612,"w":-0.6855880618095398},"size":2.7271029949188234,"orthographic":false}