{"cameraMode":{"drawMode":0,"name":"Shaded","section":"Shading Mode"},"sceneLighting":true,"audioPlay":false,"sceneViewState":{"m_AlwaysRefresh":false,"showFog":true,"showSkybox":true,"showFlares":true,"showImageEffects":true,"showParticleSystems":true,"showVisualEffectGraphs":true,"m_FxEnabled":false},"in2DMode":false,"pivot":{"x":-2.759999990463257,"y":2.2699999809265138,"z":121.5199966430664},"rotation":{"x":-0.019255317747592927,"y":0.7336945533752441,"z":0.022665977478027345,"w":0.6796830296516419},"size":2.077022075653076,"orthographic":false}