{"cameraMode":{"drawMode":0,"name":"Shaded","section":"Shading Mode"},"sceneLighting":true,"audioPlay":false,"sceneViewState":{"m_AlwaysRefresh":false,"showFog":true,"showSkybox":true,"showFlares":true,"showImageEffects":true,"showParticleSystems":true,"showVisualEffectGraphs":true,"m_FxEnabled":false},"in2DMode":false,"pivot":{"x":-5.073984146118164,"y":1.5172100067138672,"z":0.9298416972160339},"rotation":{"x":0.03419354930520058,"y":0.9632750749588013,"z":-0.22741247713565827,"w":0.14300651848316194},"size":4.869027137756348,"orthographic":false}