{"cameraMode":{"drawMode":0,"name":"Shaded","section":"Shading Mode"},"sceneLighting":true,"audioPlay":false,"sceneViewState":{"m_AlwaysRefresh":false,"showFog":true,"showSkybox":true,"showFlares":true,"showImageEffects":true,"showParticleSystems":true,"showVisualEffectGraphs":true,"m_FxEnabled":false},"in2DMode":false,"pivot":{"x":-1.6401399374008179,"y":35.59385299682617,"z":280.40631103515627},"rotation":{"x":0.011406982317566872,"y":0.0013207682641223074,"z":0.00033590386738069355,"w":1.0005735158920289},"size":5.408216953277588,"orthographic":false}