{"cameraMode":{"drawMode":0,"name":"Shaded","section":"Shading Mode"},"sceneLighting":true,"audioPlay":false,"sceneViewState":{"m_AlwaysRefresh":false,"showFog":true,"showSkybox":true,"showFlares":true,"showImageEffects":true,"showParticleSystems":true,"showVisualEffectGraphs":true,"m_FxEnabled":false},"in2DMode":false,"pivot":{"x":19.80487060546875,"y":4.272266387939453,"z":48.19151306152344},"rotation":{"x":0.024600306525826455,"y":0.17890901863574983,"z":-0.003962262999266386,"w":0.9841766953468323},"size":38.546234130859378,"orthographic":false}