{"cameraMode":{"drawMode":0,"name":"Shaded","section":"Shading Mode"},"sceneLighting":true,"audioPlay":false,"sceneViewState":{"m_AlwaysRefresh":false,"showFog":true,"showSkybox":true,"showFlares":true,"showImageEffects":true,"showParticleSystems":true,"showVisualEffectGraphs":true,"m_FxEnabled":false},"in2DMode":false,"pivot":{"x":-3.0377211570739748,"y":3.1302804946899416,"z":1.1792190074920655},"rotation":{"x":0.057192157953977588,"y":0.943183958530426,"z":-0.21670113503932954,"w":0.24780508875846864},"size":307.69000244140627,"orthographic":false}