{"cameraMode":{"drawMode":0,"name":"Shaded","section":"Shading Mode"},"sceneLighting":true,"audioPlay":false,"sceneViewState":{"m_AlwaysRefresh":false,"showFog":true,"showSkybox":true,"showFlares":true,"showImageEffects":true,"showParticleSystems":true,"showVisualEffectGraphs":true,"m_FxEnabled":false},"in2DMode":false,"pivot":{"x":55.684879302978519,"y":34.269020080566409,"z":107.13700103759766},"rotation":{"x":0.08952745050191879,"y":-0.6827272772789002,"z":0.08641086518764496,"w":0.7227476835250855},"size":18.828752517700197,"orthographic":false}