{"cameraMode":{"drawMode":0,"name":"Shaded","section":"Shading Mode"},"sceneLighting":true,"audioPlay":false,"sceneViewState":{"m_AlwaysRefresh":false,"showFog":true,"showSkybox":true,"showFlares":true,"showImageEffects":true,"showParticleSystems":true,"showVisualEffectGraphs":true,"m_FxEnabled":false},"in2DMode":false,"pivot":{"x":89.98172760009766,"y":17.555150985717775,"z":208.79063415527345},"rotation":{"x":-0.2545330226421356,"y":-0.038789402693510059,"z":0.01000713836401701,"w":-0.9668993949890137},"size":21.95543670654297,"orthographic":false}